objectid,filename,youtubeid,vimeoid,title,creator,date,description,subject,location,latitude,longitude,source,identifier,type,format,language,rights,rightsstatement
coll001,test001.jpg,,,"Administration Building, University of Idaho, No. 30",Pacific Photo Co.,1910-10-14,"Photographic postcard of the University of Idaho administration building in Moscow, Idaho.",universities;buildings;campuses;picture postcards,"Moscow, Idaho",46.725562,-117.009633,"PG 9, Postcard Collection, University of Idaho Library Special Collections and Archives",pg_9_12_01bl,Image;StillImage,image/jpeg,eng,Public domain,http://rightsstatements.org/vocab/NoC-US/1.0/
coll002,NezPerce.jpg,,,"Nez Perce Indians, mounted on Appaloosa horse. Woman and child in cradleboard.",D.E. Warren,1970,"Postcard of a woman and child on horseback. | Full blood Nez Perce Indians mounted on an Appaloosa horse, with authentic trappings of late era.",Nez Perce women;horse trappings;Equus caballus (species);infants;trees;fields (land);buildings;photographic postcards,"Orofino, Idaho",46.459708,-116.232569,UIdaho Special Collections,,Image; Postcards,image/jpeg,eng,https://rightsstatements.org/page/InC-EDU/1.0/?language=en,"Educational use includes non-commercial use of text and images in materials for teaching and research purposes. Digital reproduction rights granted by University of Idaho Library. For other uses beyond educational use, please contact University of Idaho Library Special Collections and Archives Department at libspec@uidaho.edu."
coll003,,,,,,,,,,,,,,,,,,
coll004,,,,,,,,,,,,,,,,,,
coll005,,,,,,,,,,,,,,,,,,
coll006,,,,,,,,,,,,,,,,,,
coll007,,,,,,,,,,,,,,,,,,
coll008,,,,,,,,,,,,,,,,,,
coll009,,,,,,,,,,,,,,,,,,
coll010,,,,,,,,,,,,,,,,,,
coll011,,,,,,,,,,,,,,,,,,
coll012,,,,,,,,,,,,,,,,,,
coll013,,,,,,,,,,,,,,,,,,